<Monde xmlns="http://schemas.datacontract.org/2004/07/Modele" xmlns:i="http://www.w3.org/2001/XMLSchema-instance"><Listevilles><Ville><Imagepanorama>SanFrancisco/panorama.jpg</Imagepanorama><Imagevignette>SanFrancisco/vignette.jpg</Imagevignette><Listebatiments><Batiment><Adresse>non spécifié</Adresse><Architecte>non spécifié</Architecte><Construction>non spécifié</Construction><Description>Description</Description><Hauteur>non spécifié</Hauteur><Imagearchitecte>GoldenGate/architecte.jpg</Imagearchitecte><Imageinterieur>GoldenGate/interieur.jpg</Imageinterieur><Imageplan>GoldenGate/plan.jpg</Imageplan><Imageprincipale>GoldenGate/golden_gate.jpg</Imageprincipale><Ingenieur>non spécifié</Ingenieur><Materiaux>non spécifié</Materiaux><Nbetages>non spécifié</Nbetages><Nom>Golden Gate</Nom><Ouverture>non spécifié</Ouverture><Pays>Etats Unis d'Amérique</Pays><Quartier>non spécifié</Quartier><Style>non spécifié</Style><Ville>San Francisco</Ville></Batiment><Batiment><Adresse>non spécifié</Adresse><Architecte>non spécifié</Architecte><Construction>non spécifié</Construction><Description>Description</Description><Hauteur>non spécifié</Hauteur><Imagearchitecte>CoitTower/architecte.jpg</Imagearchitecte><Imageinterieur>CoitTower/interieur.jpg</Imageinterieur><Imageplan>CoitTower/plan.gif</Imageplan><Imageprincipale>CoitTower/coit_tower.jpg</Imageprincipale><Ingenieur>non spécifié</Ingenieur><Materiaux>non spécifié</Materiaux><Nbetages>non spécifié</Nbetages><Nom>Coit Tower</Nom><Ouverture>non spécifié</Ouverture><Pays>Etats Unis d'Amérique</Pays><Quartier>non spécifié</Quartier><Style>non spécifié</Style><Ville>San Francisco</Ville></Batiment><Batiment><Adresse>non spécifié</Adresse><Architecte>non spécifié</Architecte><Construction>non spécifié</Construction><Description>Description</Description><Hauteur>non spécifié</Hauteur><Imagearchitecte>TransamericaPyramid/architecte.jpg</Imagearchitecte><Imageinterieur>TransamericaPyramid/interieur.png</Imageinterieur><Imageplan>TransamericaPyramid/plan.png</Imageplan><Imageprincipale>TransamericaPyramid/transamerica_pyramid.jpg</Imageprincipale><Ingenieur>non spécifié</Ingenieur><Materiaux>non spécifié</Materiaux><Nbetages>non spécifié</Nbetages><Nom>Transamerica Pyramid</Nom><Ouverture>non spécifié</Ouverture><Pays>Etats Unis d'Amérique</Pays><Quartier>non spécifié</Quartier><Style>non spécifié</Style><Ville>San Francisco</Ville></Batiment><Batiment><Adresse>non spécifié</Adresse><Architecte>non spécifié</Architecte><Construction>non spécifié</Construction><Description>Description</Description><Hauteur>non spécifié</Hauteur><Imagearchitecte>no_image_available.png</Imagearchitecte><Imageinterieur>FerryBuilding/interieur.jpg</Imageinterieur><Imageplan>FerryBuilding/plan.jpg</Imageplan><Imageprincipale>FerryBuilding/ferry_building.jpg</Imageprincipale><Ingenieur>non spécifié</Ingenieur><Materiaux>non spécifié</Materiaux><Nbetages>non spécifié</Nbetages><Nom>Ferry Building</Nom><Ouverture>non spécifié</Ouverture><Pays>Etats Unis d'Amérique</Pays><Quartier>non spécifié</Quartier><Style>non spécifié</Style><Ville>San Francisco</Ville></Batiment></Listebatiments><Nom>San Francisco</Nom><Pays>Etats Unis d'Amérique</Pays></Ville><Ville><Imagepanorama>NewYork/panorama.jpg</Imagepanorama><Imagevignette>NewYork/vignette.jpg</Imagevignette><Listebatiments><Batiment><Adresse>non spécifié</Adresse><Architecte>non spécifié</Architecte><Construction>non spécifié</Construction><Description>Description</Description><Hauteur>non spécifié</Hauteur><Imagearchitecte>EmpireStateBuilding/architecte.png</Imagearchitecte><Imageinterieur>EmpireStateBuilding/interieur.jpg</Imageinterieur><Imageplan>EmpireStateBuilding/plan.jpg</Imageplan><Imageprincipale>EmpireStateBuilding/empire_state_building.jpg</Imageprincipale><Ingenieur>non spécifié</Ingenieur><Materiaux>non spécifié</Materiaux><Nbetages>non spécifié</Nbetages><Nom>Empire State Building</Nom><Ouverture>non spécifié</Ouverture><Pays>Etats Unis d'Amérique</Pays><Quartier>non spécifié</Quartier><Style>non spécifié</Style><Ville>New York</Ville></Batiment><Batiment><Adresse>non spécifié</Adresse><Architecte>non spécifié</Architecte><Construction>non spécifié</Construction><Description>Description</Description><Hauteur>non spécifié</Hauteur><Imagearchitecte>ChryslerBuilding/architecte.jpg</Imagearchitecte><Imageinterieur>ChryslerBuilding/interieur.jpg</Imageinterieur><Imageplan>ChryslerBuilding/plan.jpg</Imageplan><Imageprincipale>ChryslerBuilding/chrysler_building.jpg</Imageprincipale><Ingenieur>non spécifié</Ingenieur><Materiaux>non spécifié</Materiaux><Nbetages>non spécifié</Nbetages><Nom>Chrysler Building</Nom><Ouverture>non spécifié</Ouverture><Pays>Etats Unis d'Amérique</Pays><Quartier>non spécifié</Quartier><Style>non spécifié</Style><Ville>New York</Ville></Batiment><Batiment><Adresse>non spécifié</Adresse><Architecte>non spécifié</Architecte><Construction>non spécifié</Construction><Description>Description</Description><Hauteur>non spécifié</Hauteur><Imagearchitecte>OneWorldTradeCenter/architecte.jpg</Imagearchitecte><Imageinterieur>OneWorldTradeCenter/interieur.jpg</Imageinterieur><Imageplan>OneWorldTradeCenter/plan.jpg</Imageplan><Imageprincipale>OneWorldTradeCenter/one_world_trade_center.jpg</Imageprincipale><Ingenieur>non spécifié</Ingenieur><Materiaux>non spécifié</Materiaux><Nbetages>non spécifié</Nbetages><Nom>One World Trade Center</Nom><Ouverture>non spécifié</Ouverture><Pays>Etats Unis d'Amérique</Pays><Quartier>non spécifié</Quartier><Style>non spécifié</Style><Ville>New York</Ville></Batiment><Batiment><Adresse>non spécifié</Adresse><Architecte>non spécifié</Architecte><Construction>non spécifié</Construction><Description>Description</Description><Hauteur>non spécifié</Hauteur><Imagearchitecte>FlatIronBuilding/architecte.jpg</Imagearchitecte><Imageinterieur>FlatIronBuilding/interieur.jpg</Imageinterieur><Imageplan>FlatIronBuilding/plan.jpg</Imageplan><Imageprincipale>FlatIronBuilding/flatiron building.jpg</Imageprincipale><Ingenieur>non spécifié</Ingenieur><Materiaux>non spécifié</Materiaux><Nbetages>non spécifié</Nbetages><Nom>Flatiron Building</Nom><Ouverture>non spécifié</Ouverture><Pays>Etats Unis d'Amérique</Pays><Quartier>non spécifié</Quartier><Style>non spécifié</Style><Ville>New York</Ville></Batiment><Batiment><Adresse>non spécifié</Adresse><Architecte>non spécifié</Architecte><Construction>non spécifié</Construction><Description>Description</Description><Hauteur>non spécifié</Hauteur><Imagearchitecte>MMOA/architecte.jpg</Imagearchitecte><Imageinterieur>MMOA/interieur.jpg</Imageinterieur><Imageplan>MMOA/plan.jpg</Imageplan><Imageprincipale>MMOA/mmoa.jpg</Imageprincipale><Ingenieur>non spécifié</Ingenieur><Materiaux>non spécifié</Materiaux><Nbetages>non spécifié</Nbetages><Nom>Metropolitan Museum Of Art</Nom><Ouverture>non spécifié</Ouverture><Pays>Etats Unis d'Amérique</Pays><Quartier>non spécifié</Quartier><Style>non spécifié</Style><Ville>New York</Ville></Batiment></Listebatiments><Nom>New York</Nom><Pays>Etats Unis d'Amérique</Pays></Ville><Ville><Imagepanorama>Paris/panorama.jpg</Imagepanorama><Imagevignette>Paris/vignette.jpg</Imagevignette><Listebatiments><Batiment><Adresse>non spécifié</Adresse><Architecte>non spécifié</Architecte><Construction>non spécifié</Construction><Description>Description</Description><Hauteur>non spécifié</Hauteur><Imagearchitecte>TourEiffel/archtoureiffel.jpg</Imagearchitecte><Imageinterieur>TourEiffel/intertoureiffel.jpg</Imageinterieur><Imageplan>TourEiffel/plantoureiffel.jpg</Imageplan><Imageprincipale>TourEiffel/toureiffel.webp</Imageprincipale><Ingenieur>non spécifié</Ingenieur><Materiaux>non spécifié</Materiaux><Nbetages>non spécifié</Nbetages><Nom>Tour Eiffel</Nom><Ouverture>non spécifié</Ouverture><Pays>France</Pays><Quartier>non spécifié</Quartier><Style>non spécifié</Style><Ville>Paris</Ville></Batiment><Batiment><Adresse>non spécifié</Adresse><Architecte>non spécifié</Architecte><Construction>non spécifié</Construction><Description>Description</Description><Hauteur>non spécifié</Hauteur><Imagearchitecte>ArcDeTriomphe/archarcdetriomphe.jpg</Imagearchitecte><Imageinterieur>ArcDeTriomphe/interarcdetriomphe.jpg</Imageinterieur><Imageplan>ArcDeTriomphe/planarcdetriomphe.jpg</Imageplan><Imageprincipale>ArcDeTriomphe/arcdetriomphe.jpg</Imageprincipale><Ingenieur>non spécifié</Ingenieur><Materiaux>non spécifié</Materiaux><Nbetages>non spécifié</Nbetages><Nom>Arc de triomphe</Nom><Ouverture>non spécifié</Ouverture><Pays>France</Pays><Quartier>non spécifié</Quartier><Style>non spécifié</Style><Ville>Paris</Ville></Batiment><Batiment><Adresse>non spécifié</Adresse><Architecte>non spécifié</Architecte><Construction>non spécifié</Construction><Description>Description</Description><Hauteur>non spécifié</Hauteur><Imagearchitecte>PyramideDuLouvre/archpyramidedulouvre.jpg</Imagearchitecte><Imageinterieur>PyramideDuLouvre/interpyramidedulouvre.jfif</Imageinterieur><Imageplan>PyramideDuLouvre/planpyramidedulouvre.jfif</Imageplan><Imageprincipale>PyramideDuLouvre/pyramidedulouvre.jpg</Imageprincipale><Ingenieur>non spécifié</Ingenieur><Materiaux>non spécifié</Materiaux><Nbetages>non spécifié</Nbetages><Nom>Pyramide du Louvre</Nom><Ouverture>non spécifié</Ouverture><Pays>France</Pays><Quartier>non spécifié</Quartier><Style>non spécifié</Style><Ville>Paris</Ville></Batiment><Batiment><Adresse>non spécifié</Adresse><Architecte>non spécifié</Architecte><Construction>non spécifié</Construction><Description>Description</Description><Hauteur>non spécifié</Hauteur><Imagearchitecte>NotreDameDeParis/archnotredamedeparis.jpg</Imagearchitecte><Imageinterieur>NotreDameDeParis/internotredamedeparis.jpg</Imageinterieur><Imageplan>NotreDameDeParis/plannotredamedeparis.jpg</Imageplan><Imageprincipale>NotreDameDeParis/notredamedeparis.jpg</Imageprincipale><Ingenieur>non spécifié</Ingenieur><Materiaux>non spécifié</Materiaux><Nbetages>non spécifié</Nbetages><Nom>Notre-Dame de Paris</Nom><Ouverture>non spécifié</Ouverture><Pays>France</Pays><Quartier>non spécifié</Quartier><Style>non spécifié</Style><Ville>Paris</Ville></Batiment><Batiment><Adresse>non spécifié</Adresse><Architecte>non spécifié</Architecte><Construction>non spécifié</Construction><Description>Description</Description><Hauteur>non spécifié</Hauteur><Imagearchitecte>ObelisqueDeLouxor/archobelisquedelouxor.jpg</Imagearchitecte><Imageinterieur>ObelisqueDeLouxor/interobelisquedelouxor.jpg</Imageinterieur><Imageplan>ObelisqueDeLouxor/planobelisquedelouxor.jpg</Imageplan><Imageprincipale>ObelisqueDeLouxor/obelisquedelouxor.jpg</Imageprincipale><Ingenieur>non spécifié</Ingenieur><Materiaux>non spécifié</Materiaux><Nbetages>non spécifié</Nbetages><Nom>Obélisque de Louxor</Nom><Ouverture>non spécifié</Ouverture><Pays>France</Pays><Quartier>non spécifié</Quartier><Style>non spécifié</Style><Ville>Paris</Ville></Batiment><Batiment><Adresse>non spécifié</Adresse><Architecte>non spécifié</Architecte><Construction>non spécifié</Construction><Description>Description</Description><Hauteur>non spécifié</Hauteur><Imagearchitecte>GrandeArcheDeLaDefense/archgrandearchdeladefense.jpg</Imagearchitecte><Imageinterieur>GrandeArcheDeLaDefense/intergrandearchdeladefense.jpg</Imageinterieur><Imageplan>GrandeArcheDeLaDefense/plangrandearchdeladefense.jpg</Imageplan><Imageprincipale>GrandeArcheDeLaDefense/grandearchdeladefense.jpg</Imageprincipale><Ingenieur>non spécifié</Ingenieur><Materiaux>non spécifié</Materiaux><Nbetages>non spécifié</Nbetages><Nom>Grande Arche de la Défense</Nom><Ouverture>non spécifié</Ouverture><Pays>France</Pays><Quartier>non spécifié</Quartier><Style>non spécifié</Style><Ville>Paris</Ville></Batiment></Listebatiments><Nom>Paris</Nom><Pays>France</Pays></Ville><Ville><Imagepanorama>Londres/panorama.jpg</Imagepanorama><Imagevignette>Londres/vignette.jpg</Imagevignette><Listebatiments><Batiment><Adresse>non spécifié</Adresse><Architecte>non spécifié</Architecte><Construction>non spécifié</Construction><Description>Description</Description><Hauteur>non spécifié</Hauteur><Imagearchitecte>BigBen/archbigben.jpg</Imagearchitecte><Imageinterieur>BigBen/interbigben.jpg</Imageinterieur><Imageplan>BigBen/planbigben.jpg</Imageplan><Imageprincipale>BigBen/bigben.jpeg</Imageprincipale><Ingenieur>non spécifié</Ingenieur><Materiaux>non spécifié</Materiaux><Nbetages>non spécifié</Nbetages><Nom>Big Ben</Nom><Ouverture>non spécifié</Ouverture><Pays>Royaume Uni</Pays><Quartier>non spécifié</Quartier><Style>non spécifié</Style><Ville>Londres</Ville></Batiment><Batiment><Adresse>non spécifié</Adresse><Architecte>non spécifié</Architecte><Construction>non spécifié</Construction><Description>Description</Description><Hauteur>non spécifié</Hauteur><Imagearchitecte>PalaisDeWestminster/archpalaisdewestminster.jpg</Imagearchitecte><Imageinterieur>PalaisDeWestminster/interpalaisdewestminster.jpg</Imageinterieur><Imageplan>PalaisDeWestminster/planpalaisdewestminster.jpg</Imageplan><Imageprincipale>PalaisDeWestminster/palaisdewestminster.jpg</Imageprincipale><Ingenieur>non spécifié</Ingenieur><Materiaux>non spécifié</Materiaux><Nbetages>non spécifié</Nbetages><Nom>Palais de Westminster</Nom><Ouverture>non spécifié</Ouverture><Pays>Royaume Uni</Pays><Quartier>non spécifié</Quartier><Style>non spécifié</Style><Ville>Londres</Ville></Batiment><Batiment><Adresse>non spécifié</Adresse><Architecte>non spécifié</Architecte><Construction>non spécifié</Construction><Description>Description</Description><Hauteur>non spécifié</Hauteur><Imagearchitecte>LondonEye/archlondoneye.jpg</Imagearchitecte><Imageinterieur>LondonEye/interlondoneye.jpg</Imageinterieur><Imageplan>LondonEye/planlondoneye.jpg</Imageplan><Imageprincipale>LondonEye/londoneye.jpg</Imageprincipale><Ingenieur>non spécifié</Ingenieur><Materiaux>non spécifié</Materiaux><Nbetages>non spécifié</Nbetages><Nom>London Eye</Nom><Ouverture>non spécifié</Ouverture><Pays>Royaume Uni</Pays><Quartier>non spécifié</Quartier><Style>non spécifié</Style><Ville>Londres</Ville></Batiment><Batiment><Adresse>non spécifié</Adresse><Architecte>non spécifié</Architecte><Construction>non spécifié</Construction><Description>Description</Description><Hauteur>non spécifié</Hauteur><Imagearchitecte>LOgiveDeFoster/archlogivedefoster.jpg</Imagearchitecte><Imageinterieur>LOgiveDeFoster/interlogivedefoster.jpg</Imageinterieur><Imageplan>LOgiveDeFoster/planlogivedefoster.jfif</Imageplan><Imageprincipale>LOgiveDeFoster/logivedefoster.jpg</Imageprincipale><Ingenieur>non spécifié</Ingenieur><Materiaux>non spécifié</Materiaux><Nbetages>non spécifié</Nbetages><Nom>L'Ogive de Foster</Nom><Ouverture>non spécifié</Ouverture><Pays>Royaume Uni</Pays><Quartier>non spécifié</Quartier><Style>non spécifié</Style><Ville>Londres</Ville></Batiment></Listebatiments><Nom>Londres</Nom><Pays>Royaume Uni</Pays></Ville></Listevilles></Monde>